{
    "10.04.2021": {
        "raw": {
            "instance_1": {
                "gender": "Man",
                "age": 30,
                "emotion": {
                    "angry": 2.3519532987847924e-05,
                    "disgust": 1.1308239329653713e-16,
                    "fear": 5.8233658780521e-11,
                    "happy": 99.99011754989624,
                    "sad": 3.9195965917393494e-08,
                    "surprise": 3.461115768987888e-09,
                    "neutral": 0.00986018858384341
                },
                "dominant_emotion": "happy"
            },
            "instance_2": {
                "gender": "Man",
                "age": 34,
                "emotion": {
                    "angry": 3.267383503109751e-08,
                    "disgust": 3.983059761718596e-16,
                    "fear": 5.7964818043793024e-11,
                    "happy": 99.77350829681804,
                    "sad": 1.3791567821585148e-06,
                    "surprise": 4.244201909763107e-08,
                    "neutral": 0.22649114438838627
                },
                "dominant_emotion": "happy"
            },
            "instance_3": {
                "gender": "Woman",
                "age": 31,
                "emotion": {
                    "angry": 0.008861105743562803,
                    "disgust": 1.7236825300415148e-06,
                    "fear": 0.01826071966206655,
                    "happy": 99.6623158454895,
                    "sad": 0.21213148720562458,
                    "surprise": 0.00023478796720155515,
                    "neutral": 0.09819254046306014
                },
                "dominant_emotion": "happy"
            },
            "instance_4": {
                "gender": "Woman",
                "age": 38,
                "emotion": {
                    "angry": 0.016455708321807285,
                    "disgust": 0.0014218490047236694,
                    "fear": 0.00717877906851124,
                    "happy": 99.53944092518796,
                    "sad": 0.013307278146192801,
                    "surprise": 6.170890120455707e-05,
                    "neutral": 0.4221267495004237
                },
                "dominant_emotion": "happy"
            },
            "instance_5": {
                "gender": "Man",
                "age": 35,
                "emotion": {
                    "angry": 0.0011952920431212988,
                    "disgust": 1.669868243681094e-07,
                    "fear": 0.0016772804883657955,
                    "happy": 99.64725375175476,
                    "sad": 0.0004200369858153863,
                    "surprise": 8.489516289955645e-05,
                    "neutral": 0.34937483724206686
                },
                "dominant_emotion": "happy"
            },
            "instance_6": {
                "gender": "Man",
                "age": 32,
                "emotion": {
                    "angry": 0.0010130448266781112,
                    "disgust": 0.0011487887379980919,
                    "fear": 57.89425718154056,
                    "happy": 40.474450020459294,
                    "sad": 0.4682956542548927,
                    "surprise": 0.005616190872444972,
                    "neutral": 1.155222555561218
                },
                "dominant_emotion": "fear"
            },
            "instance_7": {
                "gender": "Man",
                "age": 36,
                "emotion": {
                    "angry": 2.230953797698021,
                    "disgust": 0.00033201795304194093,
                    "fear": 3.2817404717206955,
                    "happy": 0.7755189668387175,
                    "sad": 4.825251549482346,
                    "surprise": 0.013459575711749494,
                    "neutral": 88.87274861335754
                },
                "dominant_emotion": "neutral"
            },
            "instance_8": {
                "gender": "Man",
                "age": 26,
                "emotion": {
                    "angry": 55.18171191215515,
                    "disgust": 0.010375036799814552,
                    "fear": 6.49021789431572,
                    "happy": 0.23266111966222525,
                    "sad": 21.252460777759552,
                    "surprise": 0.3267332212999463,
                    "neutral": 16.50584191083908
                },
                "dominant_emotion": "angry"
            },
            "instance_9": {
                "gender": "Man",
                "age": 26,
                "emotion": {
                    "angry": 25.990423560142517,
                    "disgust": 0.6064603570848703,
                    "fear": 9.16348248720169,
                    "happy": 17.59585589170456,
                    "sad": 40.624794363975525,
                    "surprise": 0.6503975484520197,
                    "neutral": 5.368584021925926
                },
                "dominant_emotion": "sad"
            },
            "instance_10": {
                "gender": "Man",
                "age": 35,
                "emotion": {
                    "angry": 0.029242482848017386,
                    "disgust": 1.6183671037080763e-10,
                    "fear": 2.6155390524758946e-07,
                    "happy": 99.95017647446254,
                    "sad": 0.0009012310866301782,
                    "surprise": 1.1099277714574569e-06,
                    "neutral": 0.01968288533129232
                },
                "dominant_emotion": "happy"
            }
        },
        "prepared": {},
        "combined": {}
    }
}